id,name,month,pullRequesteExecuted
,santiagoibarzabal,2022-11,2id,name,month,pullRequesteExecuted
,santiagoibarzabal,2022-11,2id,name,month,pullRequesteExecuted
,santiagoibarzabal,2022-11,2id,name,month,pullRequesteExecuted
,santiagoibarzabal,2022-11,2id,name,month,pullRequesteExecuted
,santiagoibarzabal,2022-11,2id,name,month,pullRequesteExecuted
,santiagoibarzabal,2022-11,2id,name,month,pullRequesteExecuted
,santiagoibarzabal,2022-11,2id,name,month,pullRequesteExecuted
,santiagoibarzabal,2022-11,2id,name,month,pullRequesteExecuted
,santiagoibarzabal,2022-11,2id,name,month,pullRequesteExecuted
,santiagoibarzabal,2022-11,2id,name,month,pullRequesteExecuted
,santiagoibarzabal,2022-11,2id,name,month,pullRequesteExecuted
,santiagoibarzabal,2022-11,2id,name,month,pullRequesteExecuted
,santiagoibarzabal,2022-11,2id,name,month,pullRequesteExecuted
,santiagoibarzabal,2022-11,2id,name,month,pullRequesteExecuted
,santiagoibarzabal,2022-11,2id,name,month,pullRequesteExecuted
,santiagoibarzabal,2022-11,2id,name,month,pullRequesteExecuted
,santiagoibarzabal,2022-11,2id,name,month,pullRequesteExecuted
,santiagoibarzabal,2022-11,2id,name,month,pullRequesteExecuted
,santiagoibarzabal,2022-11,2id,name,month,pullRequesteExecuted
,santiagoibarzabal,2022-11,2id,name,month,pullRequesteExecuted
,santiagoibarzabal,2022-11,2id,name,month,pullRequesteExecuted
,santiagoibarzabal,2022-11,2id,name,month,pullRequesteExecuted
,santiagoibarzabal,2022-11,2id,name,month,pullRequesteExecuted
,santiagoibarzabal,2022-11,2id,name,month,pullRequesteExecuted
,santiagoibarzabal,2022-11,2id,name,month,pullRequesteExecuted
,santiagoibarzabal,2022-11,2id,name,month,pullRequesteExecuted
,santiagoibarzabal,2022-11,2id,name,month,pullRequesteExecuted
,santiagoibarzabal,2022-11,2id,name,month,pullRequesteExecuted
,santiagoibarzabal,2022-11,2id,name,month,pullRequesteExecuted
,santiagoibarzabal,2022-11,2id,name,month,pullRequesteExecuted
,santiagoibarzabal,2022-11,2id,name,month,pullRequesteExecuted
,santiagoibarzabal,2022-11,2id,name,month,pullRequesteExecuted
,santiagoibarzabal,2022-11,2id,name,month,pullRequesteExecuted
,santiagoibarzabal,2022-11,2id,name,month,pullRequesteExecuted
,santiagoibarzabal,2022-11,2id,name,month,pullRequesteExecuted
,santiagoibarzabal,2022-11,2id,name,month,pullRequesteExecuted
,santiagoibarzabal,2022-11,2id,name,month,pullRequesteExecuted
,santiagoibarzabal,2022-11,2id,name,month,pullRequesteExecuted
,santiagoibarzabal,2022-11,2id,name,month,pullRequesteExecuted
,santiagoibarzabal,2022-11,2id,name,month,pullRequesteExecuted
,santiagoibarzabal,2022-11,2id,name,month,pullRequesteExecuted
,santiagoibarzabal,2022-11,2id,name,month,pullRequesteExecuted
,santiagoibarzabal,2022-11,2id,name,month,pullRequesteExecuted
,santiagoibarzabal,2022-11,2id,name,month,pullRequesteExecuted
,santiagoibarzabal,2022-11,2id,name,month,pullRequesteExecuted
,santiagoibarzabal,2022-11,2id,name,month,pullRequesteExecuted
,santiagoibarzabal,2022-11,2id,name,month,pullRequesteExecuted
,santiagoibarzabal,2022-11,2id,name,month,pullRequesteExecuted
,santiagoibarzabal,2022-11,2id,name,month,pullRequesteExecuted
,santiagoibarzabal,2022-11,2id,name,month,pullRequesteExecuted
,santiagoibarzabal,2022-11,2id,name,month,pullRequesteExecuted
,santiagoibarzabal,2022-11,2id,name,month,pullRequesteExecuted
,santiagoibarzabal,2022-11,2id,name,month,pullRequesteExecuted
,santiagoibarzabal,2022-11,2id,name,month,pullRequesteExecuted
,santiagoibarzabal,2022-11,2id,name,month,pullRequesteExecuted
,santiagoibarzabal,2022-11,2id,name,month,pullRequesteExecuted
,santiagoibarzabal,2022-11,2id,name,month,pullRequesteExecuted
,santiagoibarzabal,2022-11,2id,name,month,pullRequesteExecuted
,santiagoibarzabal,2022-11,2id,name,month,pullRequesteExecuted
,santiagoibarzabal,2022-11,2id,name,month,pullRequesteExecuted
,santiagoibarzabal,2022-11,2id,name,month,pullRequesteExecuted
,santiagoibarzabal,2022-11,2id,name,month,pullRequesteExecuted
,santiagoibarzabal,2022-11,2id,name,month,pullRequesteExecuted
,santiagoibarzabal,2022-11,2id,name,month,pullRequesteExecuted
,santiagoibarzabal,2022-11,2id,name,month,pullRequesteExecuted
,santiagoibarzabal,2022-11,2id,name,month,pullRequesteExecuted
,santiagoibarzabal,2022-11,2id,name,month,pullRequesteExecuted
,santiagoibarzabal,2022-11,2id,name,month,pullRequesteExecuted
,santiagoibarzabal,2022-11,2id,name,month,pullRequesteExecuted
,santiagoibarzabal,2022-11,2id,name,month,pullRequesteExecuted
,santiagoibarzabal,2022-11,2